Firma adı,Kaynak,Instagram,Web sitesi,İlgilendiği hizmet,Notlar
Uzm. Dr. Hüseyin Murat Bulut,Hekim hedef listesi (2026-10),@dr.muratbulut54,https://huseyinmuratbulut.com,Dermatoloji ve dermaestetik,Şehir: Sakarya / Serdivan | Öncelik: 2 (ilk 10) | Hesapta öncesi/sonrası içerikler görülüyor; kanal denetiminde mevzuat uyumu konusu olabilir.
"Dr. Mehmet Yavaş (Medikal Estetik, Cilt ve Saç)",Hekim hedef listesi (2026-10),@drmehmetyavas,https://drmehmetyavas.com,Medikal estetik,Şehir: Sakarya / Serdivan | Öncelik: 3 (ilk 10) | YouTube kanalı var. Sitedeki blog 2022'den beri güncellenmemiş görünüyor.
Uzm. Dr. Bülent Kurt (Sakarya Serdivan Kliniği),Hekim hedef listesi (2026-10),@drbulentkurt,https://drbkurt.com,Medikal estetik / bütüncül tıp,Şehir: Sakarya / Serdivan | Sitede sertifikaya dayalı kliniği tanımlayan ifadeler var; unvan/ifade uyumu denetim konusu (md. 5/1-d).
Op. Dr. Tuba Düzcan,Hekim hedef listesi (2026-10),@opdrtubaduzcan,https://sakaryakadindogumdoktoru.com,Kadın hastalıkları ve doğum,Şehir: Sakarya / Serdivan | Öncelik: 1 (ilk 10) | YouTube kanalı ve 2024-2025 blog yazıları var. Duygu Hoca profiline benzer branş.
Vatan Diş Kliniği (Özel Vatan Ağız ve Diş Sağlığı Polikliniği),Hekim hedef listesi (2026-10),@vatandispoliklinigi,https://vatandental.com,"Diş (implant, ortodonti, çocuk)",Şehir: Sakarya / Serdivan (2 şube) | Hesapta hasta yorumu içerikleri görülüyor; site Google puanı öne çıkarıyor. Kurumsal karar vericisi sorulmalı.
Meltem Mutlu Güler Diş Polikliniği,Hekim hedef listesi (2026-10),@mmgdentalclinic,https://meltemmutluguler.com,"Ortodonti, estetik diş",Şehir: Sakarya / Serdivan | Öncelik: 6 (ilk 10) | YouTube kanalı var; hesapta öncesi/sonrası ve hasta yorumu içerikleri görülüyor. Blogu var.
Modern Art Diş Polikliniği,Hekim hedef listesi (2026-10),@modernartdent,https://modernartdent.com,"Diş (implant, ortodonti, estetik)",Şehir: Sakarya / Adapazarı | Öncelik: 7 (ilk 10) | YouTube ve TikTok hesapları da var; 4 hekimli.
Veratok Sağlıklı Yaşam Merkezi (Dyt. Nebil Tok),Hekim hedef listesi (2026-10),@diyetisyennebiltok,https://diyetisyennebiltok.com,Diyetisyen,Şehir: Sakarya / Serdivan | Öncelik: 8 (ilk 10) | Blog yazıları ve doktor takvimi bağlantısı var; video üretimi potansiyel boşluk.
Fzt. Dilberay Sayar (Fizyoterapi ve Rehabilitasyon),Hekim hedef listesi (2026-10),@fztdilberaysayar,https://fztdilberaysayar.com,"Fizik tedavi/fizyoterapi, klinik pilates","Şehir: Sakarya / Serdivan | Öncelik: 10 (ilk 10) | Hekim değil fizyoterapist; ""fizik tedavi"" branşı olarak aday, paket uygunluğu görüşmede sorulur."
Marmara Göz Tıp Merkezi,Hekim hedef listesi (2026-10),@marmaragoz,https://marmaragoz.com,Göz,"Şehir: Sakarya / Adapazarı | Tek şube, doğrulanmış hesap; çok hekimli merkez, kurumsal karar vericisi sorulmalı."
Focus Göz Tıp Merkezi,Hekim hedef listesi (2026-10),@focus_goz,https://focusgoz.com,Göz,"Şehir: Sakarya / Serdivan | Çok hekimli merkez (""Klinik"" paketi adayı); tanıtım yetkisi ve karar süreci uzun olabilir."
Dr. Samet Keser (Kocaeli Medikal Estetik),Hekim hedef listesi (2026-10),@sametkeser,https://drsametkeser.com.tr,Medikal estetik,"Şehir: Kocaeli / İzmit | Hesapta ""medikal estetik hekimi"" ifadesi görülüyor; sertifika unvanı (md. 5/1-d) konusu denetim notu."
Uzm. Dr. Selin Tecimer,Hekim hedef listesi (2026-10),@drselintecimer,https://selintecimer.com,"Dermatoloji, kozmetik dermatoloji","Şehir: Kocaeli / İzmit | Öncelik: 4 (ilk 10) | YouTube kanalı var; videolu üretim deneyimi var, kalite ve mevzuat denetimi için aday."
Op. Dr. Yaşar Çeğil,Hekim hedef listesi (2026-10),@op.dr.yasar,https://yasarcegil.com,Kadın hastalıkları ve doğum,Şehir: Kocaeli / İzmit (Yahyakaptan) | Öncelik: 5 (ilk 10) | Sitede hasta yorumları bölümü ve hesapta cerrahi/estetik içerik görülüyor; mevzuat uyumu öne çıkan konu. Son site güncellemesi Ocak 2024.
Dyt. Deniz Tosun Albayrak,Hekim hedef listesi (2026-10),@diyetisyendeniztosunalbayrak,https://izmitdiyetisyen.com.tr,Diyetisyen,"Şehir: Kocaeli / İzmit | Büyük hesap; kendi üretim düzeni muhtemelen oturmuş, uygunluk görüşmede sorulur."
Özel Teta Dent,Hekim hedef listesi (2026-10),@teta41dent,https://tetadent.com,"Diş (ortodonti, implant, estetik)",Şehir: Kocaeli / İzmit | Sitede Kasım 2025 tarihli sağlık rehberi yazıları var.
Donatım Diş (Donatım Ağız ve Diş Sağlığı Merkezi),Hekim hedef listesi (2026-10),@donatimdisizmit,https://donatimdis.com.tr,"Diş (genel, ortodonti, implant)","Şehir: Kocaeli / İzmit (+ Adapazarı şubesi) | 2009'dan beri; ""Tv & Blog"" bölümü var. Sakarya şubesi de olduğu için iki ilde potansiyel."
Dent İzmit Ağız ve Diş Sağlığı Polikliniği,Hekim hedef listesi (2026-10),@dentizmitdis,https://dentizmit.com,Diş,"Şehir: Kocaeli / İzmit, Gölcük, Başiskele (3 şube) | Hesapta hasta yorumu içerikleri görülüyor; çok şubeli, karar vericisi sorulmalı."
